id,fonte,data,nota,texto
1,Academia,2026-01-05,5,"Adorei a academia! Os equipamentos são novos e os professores são muito atenciosos."
2,Academia,2026-01-09,2,"Aparelhos quebrados há semanas e ninguém resolve. Horário de pico é impossível treinar."
3,Academia,2026-01-14,3,"Estrutura boa, mas o valor da mensalidade subiu demais e não vejo melhorias."
4,Academia,2026-01-20,1,"Vestiário sujo e sem papel higiênico. Reclamei na recepção e fui ignorado."
5,Academia,2026-02-02,5,"Melhor custo-benefício da região. Aulas coletivas ótimas e instrutores motivadores."
6,Academia,2026-02-08,4,"Gosto bastante, só falta ar condicionado na sala de musculação."
7,Academia,2026-02-15,2,"Atendimento da recepção é péssimo, demoraram 30 minutos para resolver minha matrícula."
8,Academia,2026-02-22,5,"Ambiente limpo, equipe simpática e treinos bem orientados. Recomendo!"
9,Academia,2026-03-03,3,"Normal. Nada de especial, mas atende o básico."
10,Academia,2026-03-11,1,"Cobraram mensalidade duplicada e o cancelamento é muito burocrático."
11,App de corrida,2026-01-07,5,"O app é ótimo, o GPS é preciso e os planos de treino me ajudaram a completar minha primeira 10k."
12,App de corrida,2026-01-12,2,"O app trava muito durante a corrida e perdi o registro do meu treino. Bateria acaba rápido."
13,App de corrida,2026-01-25,4,"Interface bonita e fácil de usar. Faltam mais métricas de ritmo por quilômetro."
14,App de corrida,2026-02-04,1,"Sincronização com o relógio não funciona. Já abri chamado e ninguém responde."
15,App de corrida,2026-02-13,5,"Excelente! Os desafios mensais me motivam demais a continuar correndo."
16,App de corrida,2026-02-19,3,"Bom, mas a versão paga é cara para o que oferece."
17,App de corrida,2026-03-01,2,"Depois da última atualização o GPS ficou impreciso e o app está lento."
18,App de corrida,2026-03-09,4,"Gosto dos relatórios semanais, ajudam a acompanhar minha evolução."
19,App de corrida,2026-03-16,5,"Melhor app de corrida que já usei, simples e completo."
20,App de corrida,2026-03-20,3,"Funciona, mas os anúncios atrapalham na versão gratuita."
21,App de bem-estar,2026-01-10,5,"As meditações guiadas me ajudaram a dormir melhor. Voz calma e conteúdo de qualidade."
22,App de bem-estar,2026-01-18,2,"Muita coisa bloqueada na versão gratuita e assinatura cara demais."
23,App de bem-estar,2026-01-29,4,"Adoro os lembretes de hidratação e os exercícios de respiração. Só o app demora a abrir."
24,App de bem-estar,2026-02-06,1,"Não consigo cancelar a assinatura pelo app. Suporte não responde e-mails."
25,App de bem-estar,2026-02-17,3,"Conteúdo bom, mas a navegação é confusa e difícil de encontrar as sessões."
26,App de bem-estar,2026-02-26,5,"Mudou minha rotina! Os diários de humor são incríveis para me conhecer melhor."
27,App de bem-estar,2026-03-05,2,"Notificações demais, chega a irritar. Não consegui desativar."
28,App de bem-estar,2026-03-12,4,"Boa variedade de treinos curtos, perfeitos para minha rotina corrida."
29,App de bem-estar,2026-03-18,3,"Ok, mas sinto falta de mais conteúdo em português."
30,App de bem-estar,2026-03-24,5,"Recomendo muito, design lindo e sessões de alongamento excelentes."
